cell,axis_a,axis_b,eta_sq_a,eta_sq_b,eta_sq_interaction
fantasia_alpha,order,s_max_frac,0.07439137235632605,0.31422198796079154,0.12509113161758198
fantasia_alpha,order,s_min,0.07439137235632605,0.13024072214904978,0.06030168834257366
fantasia_alpha,s_max_frac,spacing,0.31422198796079154,0.004484000447001377,0.05869821183893939
fantasia_alpha,order,spacing,0.07439137235632605,0.004484000447001377,0.04383989597900584
fantasia_alpha,s_min,s_max_frac,0.13024072214904978,0.31422198796079154,0.018628482420467152
fantasia_alpha,ectopic,order,0.0768384435614306,0.07439137235632605,0.01286254767598461
fantasia_alpha,s_min,spacing,0.13024072214904978,0.004484000447001377,0.009315214704706053
fantasia_alpha,ectopic,s_min,0.0768384435614306,0.13024072214904978,0.008678680167462803
fantasia_alpha,ectopic,s_max_frac,0.0768384435614306,0.31422198796079154,0.003073468215978048
fantasia_alpha,ectopic,spacing,0.0768384435614306,0.004484000447001377,0.0023160482711625453
fantasia_alpha,detrend,s_max_frac,0.0013388313667149565,0.31422198796079154,0.0018530996587513815
fantasia_alpha,detrend,order,0.0013388313667149565,0.07439137235632605,0.0018197117636255765
fantasia_alpha,order,n_scales,0.07439137235632605,0.0013063785712804684,0.0006705557715842893
fantasia_alpha,n_scales,spacing,0.0013063785712804684,0.004484000447001377,0.0002763121264946291
fantasia_alpha,s_min,n_scales,0.13024072214904978,0.0013063785712804684,0.00021626350868661972
fantasia_alpha,s_max_frac,overlap,0.31422198796079154,0.0003562102071374418,0.00017826017563543826
fantasia_alpha,ectopic,n_scales,0.0768384435614306,0.0013063785712804684,0.00013771377601752005
fantasia_alpha,s_max_frac,n_scales,0.31422198796079154,0.0013063785712804684,0.00011006399998276338
fantasia_alpha,ectopic,overlap,0.0768384435614306,0.0003562102071374418,8.214259643101758e-05
fantasia_alpha,order,overlap,0.07439137235632605,0.0003562102071374418,5.18268569190735e-05
fantasia_alpha,detrend,s_min,0.0013388313667149565,0.13024072214904978,2.7934949436476542e-05
fantasia_alpha,ectopic,detrend,0.0768384435614306,0.0013388313667149565,2.650214958746413e-05
fantasia_alpha,detrend,spacing,0.0013388313667149565,0.004484000447001377,2.1076249692234577e-05
fantasia_alpha,s_min,overlap,0.13024072214904978,0.0003562102071374418,1.4442950797775098e-05
fantasia_alpha,detrend,overlap,0.0013388313667149565,0.0003562102071374418,7.930575153131571e-06
fantasia_alpha,spacing,overlap,0.004484000447001377,0.0003562102071374418,2.394061069282071e-06
fantasia_alpha,detrend,n_scales,0.0013388313667149565,0.0013063785712804684,1.3877379264385386e-06
fantasia_alpha,n_scales,overlap,0.0013063785712804684,0.0003562102071374418,1.8443923654441855e-07
fantasia_alpha,normalise,s_max_frac,1.1519195366454758e-11,0.31422198796079154,3.566734151950592e-11
fantasia_alpha,ectopic,normalise,0.0768384435614306,1.1519195366454758e-11,3.455761306595171e-11
fantasia_alpha,normalise,order,1.1519195366454758e-11,0.07439137235632605,3.289757914620523e-11
fantasia_alpha,detrend,normalise,0.0013388313667149565,1.1519195366454758e-11,2.6543829000497187e-11
fantasia_alpha,normalise,n_scales,1.1519195366454758e-11,0.0013063785712804684,6.849618158354523e-12
fantasia_alpha,normalise,s_min,1.1519195366454758e-11,0.13024072214904978,2.5565230445350918e-12
fantasia_alpha,normalise,spacing,1.1519195366454758e-11,0.004484000447001377,1.2074780941148056e-12
fantasia_alpha,normalise,overlap,1.1519195366454758e-11,0.0003562102071374418,2.3560916527977217e-13
fantasia_alpha,ectopic,q_grid,0.0768384435614306,0.0,1.458944504417079e-17
fantasia_alpha,normalise,q_grid,1.1519195366454758e-11,0.0,4.0978479486624417e-22
fantasia_alpha,detrend,q_grid,0.0013388313667149565,0.0,0.0
fantasia_alpha,s_min,q_grid,0.13024072214904978,0.0,0.0
fantasia_alpha,order,q_grid,0.07439137235632605,0.0,0.0
fantasia_alpha,s_max_frac,q_grid,0.31422198796079154,0.0,0.0
fantasia_alpha,n_scales,q_grid,0.0013063785712804684,0.0,0.0
fantasia_alpha,spacing,q_grid,0.004484000447001377,0.0,0.0
fantasia_alpha,overlap,q_grid,0.0003562102071374418,0.0,0.0
fantasia_delta_alpha,ectopic,order,0.7328461207676156,0.0012938518264171976,0.14697930795053654
fantasia_delta_alpha,order,s_min,0.0012938518264171976,0.0001956404406576442,0.01145569701349695
fantasia_delta_alpha,ectopic,s_min,0.7328461207676156,0.0001956404406576442,0.00838930766643547
fantasia_delta_alpha,ectopic,s_max_frac,0.7328461207676156,0.04574355038017148,0.006966443031408294
fantasia_delta_alpha,order,s_max_frac,0.0012938518264171976,0.04574355038017148,0.006306826418596437
fantasia_delta_alpha,s_max_frac,spacing,0.04574355038017148,0.008915076038698686,0.003976131484062589
fantasia_delta_alpha,ectopic,spacing,0.7328461207676156,0.008915076038698686,0.0035655050605369783
fantasia_delta_alpha,order,spacing,0.0012938518264171976,0.008915076038698686,0.001623897238692962
fantasia_delta_alpha,s_min,s_max_frac,0.0001956404406576442,0.04574355038017148,0.0008179752499230895
fantasia_delta_alpha,s_min,spacing,0.0001956404406576442,0.008915076038698686,0.0004336428432345742
fantasia_delta_alpha,ectopic,n_scales,0.7328461207676156,3.5469557205655723e-06,0.0002553041461681285
fantasia_delta_alpha,order,n_scales,0.0012938518264171976,3.5469557205655723e-06,0.00024371618013739103
fantasia_delta_alpha,s_max_frac,overlap,0.04574355038017148,0.0004297305588046274,0.00024031378415157457
fantasia_delta_alpha,s_max_frac,n_scales,0.04574355038017148,3.5469557205655723e-06,0.00023377789170489835
fantasia_delta_alpha,ectopic,overlap,0.7328461207676156,0.0004297305588046274,0.00023070894551949477
fantasia_delta_alpha,detrend,order,0.00017518408626620953,0.0012938518264171976,0.00022391195483711194
fantasia_delta_alpha,order,overlap,0.0012938518264171976,0.0004297305588046274,0.00020959415328679993
fantasia_delta_alpha,s_min,overlap,0.0001956404406576442,0.0004297305588046274,0.00013946665837883364
fantasia_delta_alpha,ectopic,detrend,0.7328461207676156,0.00017518408626620953,0.00013276031447556004
fantasia_delta_alpha,detrend,s_max_frac,0.00017518408626620953,0.04574355038017148,9.493348868647066e-05
fantasia_delta_alpha,s_min,n_scales,0.0001956404406576442,3.5469557205655723e-06,4.885718723933528e-05
fantasia_delta_alpha,detrend,spacing,0.00017518408626620953,0.008915076038698686,2.4548993728732036e-05
fantasia_delta_alpha,detrend,s_min,0.00017518408626620953,0.0001956404406576442,1.1721850318743221e-05
fantasia_delta_alpha,n_scales,overlap,3.5469557205655723e-06,0.0004297305588046274,6.9838342153688575e-06
fantasia_delta_alpha,detrend,overlap,0.00017518408626620953,0.0004297305588046274,5.283948970827138e-06
fantasia_delta_alpha,n_scales,spacing,3.5469557205655723e-06,0.008915076038698686,2.8735223271717227e-06
fantasia_delta_alpha,ectopic,q_grid,0.7328461207676156,6.387010797430474e-06,2.4361297361774027e-06
fantasia_delta_alpha,order,q_grid,0.0012938518264171976,6.387010797430474e-06,1.825639851056725e-06
fantasia_delta_alpha,s_max_frac,q_grid,0.04574355038017148,6.387010797430474e-06,9.442504547176215e-07
fantasia_delta_alpha,s_min,q_grid,0.0001956404406576442,6.387010797430474e-06,6.299801090807069e-07
fantasia_delta_alpha,detrend,q_grid,0.00017518408626620953,6.387010797430474e-06,5.268697360359884e-07
fantasia_delta_alpha,spacing,overlap,0.008915076038698686,0.0004297305588046274,4.450759985644326e-07
fantasia_delta_alpha,detrend,n_scales,0.00017518408626620953,3.5469557205655723e-06,2.7795568431213524e-07
fantasia_delta_alpha,normalise,s_max_frac,1.072066143719414e-09,0.04574355038017148,2.0014506754627495e-07
fantasia_delta_alpha,overlap,q_grid,0.0004297305588046274,6.387010797430474e-06,2.833410893761223e-08
fantasia_delta_alpha,normalise,s_min,1.072066143719414e-09,0.0001956404406576442,1.3445086175320466e-08
fantasia_delta_alpha,spacing,q_grid,0.008915076038698686,6.387010797430474e-06,4.648328058214413e-09
fantasia_delta_alpha,normalise,q_grid,1.072066143719414e-09,6.387010797430474e-06,3.892752749348843e-09
fantasia_delta_alpha,ectopic,normalise,0.7328461207676156,1.072066143719414e-09,3.216198499060263e-09
fantasia_delta_alpha,normalise,spacing,1.072066143719414e-09,0.008915076038698686,1.0139850047678002e-09
fantasia_delta_alpha,detrend,normalise,0.00017518408626620953,1.072066143719414e-09,5.124020816055849e-10
fantasia_delta_alpha,n_scales,q_grid,3.5469557205655723e-06,6.387010797430474e-06,4.836764994673068e-10
fantasia_delta_alpha,normalise,n_scales,1.072066143719414e-09,3.5469557205655723e-06,4.797369525665565e-10
fantasia_delta_alpha,normalise,overlap,1.072066143719414e-09,0.0004297305588046274,4.458779589247486e-10
fantasia_delta_alpha,normalise,order,1.072066143719414e-09,0.0012938518264171976,2.4472052522948236e-10
disease_alpha,detrend,order,0.03635071132894306,0.07327579558673053,0.040860644086066704
disease_alpha,ectopic,order,0.7495970653779694,0.07327579558673053,0.01759666848673758
disease_alpha,order,spacing,0.07327579558673053,1.4635556284643466e-05,0.01757399396596738
disease_alpha,order,s_max_frac,0.07327579558673053,0.001785039049564113,0.009150790738820913
disease_alpha,ectopic,s_min,0.7495970653779694,0.0004302317385408416,0.006344631667768764
disease_alpha,detrend,s_max_frac,0.03635071132894306,0.001785039049564113,0.0034939173473151996
disease_alpha,ectopic,s_max_frac,0.7495970653779694,0.001785039049564113,0.0027388771571583708
disease_alpha,order,s_min,0.07327579558673053,0.0004302317385408416,0.0019783141833410135
disease_alpha,s_max_frac,spacing,0.001785039049564113,1.4635556284643466e-05,0.001889590992175677
disease_alpha,ectopic,spacing,0.7495970653779694,1.4635556284643466e-05,0.0015487975115902953
disease_alpha,ectopic,detrend,0.7495970653779694,0.03635071132894306,0.0013533254826738914
disease_alpha,s_min,spacing,0.0004302317385408416,1.4635556284643466e-05,0.0008035467314884429
disease_alpha,ectopic,n_scales,0.7495970653779694,5.741508528469005e-05,0.000453039783425805
disease_alpha,detrend,spacing,0.03635071132894306,1.4635556284643466e-05,0.00025127517429479954
disease_alpha,s_max_frac,n_scales,0.001785039049564113,5.741508528469005e-05,7.393115135848279e-05
disease_alpha,detrend,s_min,0.03635071132894306,0.0004302317385408416,6.054133342419472e-05
disease_alpha,n_scales,spacing,5.741508528469005e-05,1.4635556284643466e-05,4.6609399858498994e-05
disease_alpha,order,overlap,0.07327579558673053,8.984070196653935e-05,4.426189065455897e-05
disease_alpha,order,n_scales,0.07327579558673053,5.741508528469005e-05,2.8499802419270324e-05
disease_alpha,s_min,s_max_frac,0.0004302317385408416,0.001785039049564113,2.6996133920668206e-05
disease_alpha,ectopic,overlap,0.7495970653779694,8.984070196653935e-05,1.6075602217065143e-05
disease_alpha,detrend,n_scales,0.03635071132894306,5.741508528469005e-05,8.049975823791374e-06
disease_alpha,spacing,overlap,1.4635556284643466e-05,8.984070196653935e-05,5.971027220106545e-06
disease_alpha,s_max_frac,overlap,0.001785039049564113,8.984070196653935e-05,3.91814494272939e-06
disease_alpha,detrend,overlap,0.03635071132894306,8.984070196653935e-05,2.4967961276275875e-06
disease_alpha,s_min,n_scales,0.0004302317385408416,5.741508528469005e-05,1.3372779345579612e-06
disease_alpha,s_min,overlap,0.0004302317385408416,8.984070196653935e-05,1.2125772318563158e-08
disease_alpha,n_scales,overlap,5.741508528469005e-05,8.984070196653935e-05,3.476379434069123e-10
disease_alpha,normalise,order,2.678209234518326e-16,0.07327579558673053,4.317053853925759e-15
disease_alpha,normalise,spacing,2.678209234518326e-16,1.4635556284643466e-05,9.182704840198689e-16
disease_alpha,detrend,normalise,0.03635071132894306,2.678209234518326e-16,5.081558452284937e-16
disease_alpha,ectopic,normalise,0.7495970653779694,2.678209234518326e-16,4.3165109338677134e-16
disease_alpha,normalise,s_min,2.678209234518326e-16,0.0004302317385408416,2.7340202611294064e-16
disease_alpha,normalise,n_scales,2.678209234518326e-16,5.741508528469005e-05,2.2658982723211e-16
disease_alpha,normalise,overlap,2.678209234518326e-16,8.984070196653935e-05,1.4979690179946603e-16
disease_alpha,normalise,s_max_frac,2.678209234518326e-16,0.001785039049564113,6.591704064934109e-17
disease_alpha,s_min,q_grid,0.0004302317385408416,0.0,4.354623151705176e-18
disease_alpha,spacing,q_grid,1.4635556284643466e-05,0.0,3.9757282451229854e-19
disease_alpha,normalise,q_grid,2.678209234518326e-16,0.0,8.550939335002103e-25
disease_alpha,ectopic,q_grid,0.7495970653779694,0.0,0.0
disease_alpha,detrend,q_grid,0.03635071132894306,0.0,0.0
disease_alpha,order,q_grid,0.07327579558673053,0.0,0.0
disease_alpha,s_max_frac,q_grid,0.001785039049564113,0.0,0.0
disease_alpha,n_scales,q_grid,5.741508528469005e-05,0.0,0.0
disease_alpha,overlap,q_grid,8.984070196653935e-05,0.0,0.0
disease_delta_alpha,ectopic,order,0.5739703992539794,0.036828965594099046,0.1008775555543913
disease_delta_alpha,detrend,order,0.00647852794861531,0.036828965594099046,0.02171235077474269
disease_delta_alpha,ectopic,s_min,0.5739703992539794,0.023690125459140374,0.020964754852955386
disease_delta_alpha,ectopic,spacing,0.5739703992539794,0.017970492129054164,0.015130613263538185
disease_delta_alpha,ectopic,detrend,0.5739703992539794,0.00647852794861531,0.011181843392251936
disease_delta_alpha,order,spacing,0.036828965594099046,0.017970492129054164,0.010941259545003296
disease_delta_alpha,order,s_max_frac,0.036828965594099046,0.0033973353565880933,0.005976796902270667
disease_delta_alpha,s_max_frac,spacing,0.0033973353565880933,0.017970492129054164,0.005001991788869465
disease_delta_alpha,s_min,spacing,0.023690125459140374,0.017970492129054164,0.004785239592665855
disease_delta_alpha,ectopic,s_max_frac,0.5739703992539794,0.0033973353565880933,0.004655917784068777
disease_delta_alpha,order,s_min,0.036828965594099046,0.023690125459140374,0.003669877083730946
disease_delta_alpha,ectopic,overlap,0.5739703992539794,0.001973630494307266,0.0014475787793746906
disease_delta_alpha,detrend,spacing,0.00647852794861531,0.017970492129054164,0.0011777611969037538
disease_delta_alpha,detrend,s_min,0.00647852794861531,0.023690125459140374,0.0010688438320139416
disease_delta_alpha,s_min,s_max_frac,0.023690125459140374,0.0033973353565880933,0.0009885595723750705
disease_delta_alpha,spacing,overlap,0.017970492129054164,0.001973630494307266,0.0007532913565085962
disease_delta_alpha,s_min,overlap,0.023690125459140374,0.001973630494307266,0.0004777496874991189
disease_delta_alpha,ectopic,n_scales,0.5739703992539794,0.00037489921178962267,0.00035509170516490496
disease_delta_alpha,n_scales,spacing,0.00037489921178962267,0.017970492129054164,0.00022836123746472817
disease_delta_alpha,s_max_frac,overlap,0.0033973353565880933,0.001973630494307266,0.00016508476191185213
disease_delta_alpha,detrend,s_max_frac,0.00647852794861531,0.0033973353565880933,0.0001156418664116472
disease_delta_alpha,detrend,overlap,0.00647852794861531,0.001973630494307266,7.666849754377492e-05
disease_delta_alpha,order,q_grid,0.036828965594099046,1.4036758969715305e-06,6.108880529013265e-05
disease_delta_alpha,order,n_scales,0.036828965594099046,0.00037489921178962267,6.021797332911504e-05
disease_delta_alpha,order,overlap,0.036828965594099046,0.001973630494307266,5.5449605529262634e-05
disease_delta_alpha,n_scales,overlap,0.00037489921178962267,0.001973630494307266,4.369435137847858e-05
disease_delta_alpha,s_min,n_scales,0.023690125459140374,0.00037489921178962267,2.7606783498127125e-05
disease_delta_alpha,ectopic,q_grid,0.5739703992539794,1.4036758969715305e-06,1.8742805199856905e-05
disease_delta_alpha,s_max_frac,n_scales,0.0033973353565880933,0.00037489921178962267,1.8066951951968828e-05
disease_delta_alpha,spacing,q_grid,0.017970492129054164,1.4036758969715305e-06,9.642056845895746e-06
disease_delta_alpha,detrend,n_scales,0.00647852794861531,0.00037489921178962267,9.46829114018487e-06
disease_delta_alpha,s_max_frac,q_grid,0.0033973353565880933,1.4036758969715305e-06,6.5524507395949675e-06
disease_delta_alpha,s_min,q_grid,0.023690125459140374,1.4036758969715305e-06,3.7906084857230065e-06
disease_delta_alpha,ectopic,normalise,0.5739703992539794,4.949959087588895e-09,4.3146927804117423e-07
disease_delta_alpha,detrend,normalise,0.00647852794861531,4.949959087588895e-09,1.9214509923372643e-07
disease_delta_alpha,detrend,q_grid,0.00647852794861531,1.4036758969715305e-06,1.3323158802528825e-07
disease_delta_alpha,normalise,s_min,4.949959087588895e-09,0.023690125459140374,1.3028794008789182e-07
disease_delta_alpha,normalise,order,4.949959087588895e-09,0.036828965594099046,1.1369383983287131e-07
disease_delta_alpha,overlap,q_grid,0.001973630494307266,1.4036758969715305e-06,6.542306847652991e-08
disease_delta_alpha,n_scales,q_grid,0.00037489921178962267,1.4036758969715305e-06,4.281247589952238e-08
disease_delta_alpha,normalise,spacing,4.949959087588895e-09,0.017970492129054164,2.9423275871830465e-08
disease_delta_alpha,normalise,overlap,4.949959087588895e-09,0.001973630494307266,2.286831639299825e-08
disease_delta_alpha,normalise,s_max_frac,4.949959087588895e-09,0.0033973353565880933,3.218007430813979e-09
disease_delta_alpha,normalise,n_scales,4.949959087588895e-09,0.00037489921178962267,3.708154519521138e-11
disease_delta_alpha,normalise,q_grid,4.949959087588895e-09,1.4036758969715305e-06,1.2713000263307306e-11
