contrast,metric,length,axis,eta_sq
aging,alpha,6977.5,s_max_frac,0.3142219879607915
aging,alpha,6977.5,s_min,0.1302407221490497
aging,alpha,6977.5,ectopic,0.07683844356143062
aging,alpha,6977.5,order,0.07439137235632604
aging,alpha,6977.5,spacing,0.004484000447001376
aging,alpha,6977.5,detrend,0.0013388313667149563
aging,alpha,6977.5,n_scales,0.0013063785712804682
aging,alpha,6977.5,overlap,0.0003562102071374418
aging,alpha,6977.5,normalise,1.1519195366454758e-11
aging,alpha,6977.5,q_grid,0.0
aging,alpha,1000.0,order,0.3682784433504014
aging,alpha,1000.0,s_max_frac,0.24888269865031398
aging,alpha,1000.0,ectopic,0.15631938699506406
aging,alpha,1000.0,s_min,0.0447883187236287
aging,alpha,1000.0,spacing,0.0027984889439676285
aging,alpha,1000.0,overlap,0.0006060185546264456
aging,alpha,1000.0,n_scales,2.282648647821338e-05
aging,alpha,1000.0,detrend,7.376998429384601e-06
aging,alpha,1000.0,normalise,2.095307643182574e-10
aging,alpha,1000.0,q_grid,0.0
aging,alpha,2000.0,order,0.3784072317540389
aging,alpha,2000.0,s_max_frac,0.20640899387018732
aging,alpha,2000.0,ectopic,0.12424322706984249
aging,alpha,2000.0,s_min,0.08467056046374465
aging,alpha,2000.0,spacing,0.008735980537430925
aging,alpha,2000.0,detrend,0.0001713393250210358
aging,alpha,2000.0,n_scales,0.00015689940790469386
aging,alpha,2000.0,overlap,3.62118101174745e-05
aging,alpha,2000.0,normalise,5.969072936363192e-11
aging,alpha,2000.0,q_grid,0.0
aging,alpha,4000.0,order,0.18589743927687935
aging,alpha,4000.0,s_min,0.16061628504267547
aging,alpha,4000.0,ectopic,0.0684402092449488
aging,alpha,4000.0,s_max_frac,0.062329865334200325
aging,alpha,4000.0,spacing,0.005756267601130749
aging,alpha,4000.0,n_scales,0.0007043915739087459
aging,alpha,4000.0,detrend,0.0003800780608168122
aging,alpha,4000.0,overlap,0.00017079328391646765
aging,alpha,4000.0,normalise,2.9662289818891012e-12
aging,alpha,4000.0,q_grid,0.0
aging,alpha,4731.0,s_min,0.18256464478656306
aging,alpha,4731.0,order,0.1321646193582566
aging,alpha,4731.0,ectopic,0.09828569768411113
aging,alpha,4731.0,s_max_frac,0.08923956336629794
aging,alpha,4731.0,n_scales,0.001999655905848816
aging,alpha,4731.0,spacing,0.0013846959469903995
aging,alpha,4731.0,overlap,0.0009736423526592163
aging,alpha,4731.0,detrend,0.0004439606218074202
aging,alpha,4731.0,normalise,7.153980002372679e-13
aging,alpha,4731.0,q_grid,0.0
aging,delta_alpha,6977.5,ectopic,0.7328461207676156
aging,delta_alpha,6977.5,s_max_frac,0.04574355038017148
aging,delta_alpha,6977.5,spacing,0.008915076038698684
aging,delta_alpha,6977.5,order,0.0012938518264171992
aging,delta_alpha,6977.5,overlap,0.0004297305588046274
aging,delta_alpha,6977.5,s_min,0.0001956404406576442
aging,delta_alpha,6977.5,detrend,0.00017518408626620953
aging,delta_alpha,6977.5,q_grid,6.387010797430474e-06
aging,delta_alpha,6977.5,n_scales,3.5469557205655723e-06
aging,delta_alpha,6977.5,normalise,1.072066143719414e-09
aging,delta_alpha,1000.0,ectopic,0.594645699413074
aging,delta_alpha,1000.0,order,0.15850521996661848
aging,delta_alpha,1000.0,s_max_frac,0.002647502606930376
aging,delta_alpha,1000.0,s_min,0.002222710552133288
aging,delta_alpha,1000.0,overlap,0.0012667214728356432
aging,delta_alpha,1000.0,detrend,0.00015410754772119764
aging,delta_alpha,1000.0,spacing,0.00013112879171209033
aging,delta_alpha,1000.0,n_scales,2.093528278901442e-06
aging,delta_alpha,1000.0,q_grid,1.2513483350216968e-06
aging,delta_alpha,1000.0,normalise,2.0218095288498204e-08
aging,delta_alpha,2000.0,ectopic,0.6405179885085308
aging,delta_alpha,2000.0,order,0.062365130997849016
aging,delta_alpha,2000.0,s_max_frac,0.02250434986555962
aging,delta_alpha,2000.0,overlap,0.0005470069235445795
aging,delta_alpha,2000.0,spacing,0.0002184918014653223
aging,delta_alpha,2000.0,s_min,0.00021196458270018122
aging,delta_alpha,2000.0,detrend,0.00011018838068157449
aging,delta_alpha,2000.0,n_scales,6.610198138290324e-05
aging,delta_alpha,2000.0,q_grid,1.2518525665824829e-06
aging,delta_alpha,2000.0,normalise,2.4797982362114514e-10
aging,delta_alpha,4000.0,ectopic,0.6819282288410793
aging,delta_alpha,4000.0,s_max_frac,0.014199645503177422
aging,delta_alpha,4000.0,order,0.0078030392785495865
aging,delta_alpha,4000.0,spacing,0.0023803195523558335
aging,delta_alpha,4000.0,overlap,0.0009848807240595838
aging,delta_alpha,4000.0,s_min,0.0006021613218190997
aging,delta_alpha,4000.0,detrend,0.0003304172066573311
aging,delta_alpha,4000.0,q_grid,5.204577161763045e-06
aging,delta_alpha,4000.0,n_scales,3.28961858873685e-07
aging,delta_alpha,4000.0,normalise,6.577440366388548e-08
aging,delta_alpha,4731.0,ectopic,0.6868661765909216
aging,delta_alpha,4731.0,s_max_frac,0.022824569237306983
aging,delta_alpha,4731.0,spacing,0.00503438833171651
aging,delta_alpha,4731.0,order,0.001495533735343041
aging,delta_alpha,4731.0,detrend,0.0003368427065052223
aging,delta_alpha,4731.0,overlap,0.00025402457334859987
aging,delta_alpha,4731.0,s_min,1.1244212004622522e-05
aging,delta_alpha,4731.0,q_grid,6.167094679304879e-06
aging,delta_alpha,4731.0,n_scales,1.6759848420856568e-06
aging,delta_alpha,4731.0,normalise,1.4965405153154084e-08
disease,alpha,101669.0,ectopic,0.7495970653779694
disease,alpha,101669.0,order,0.07327579558673053
disease,alpha,101669.0,detrend,0.03635071132894306
disease,alpha,101669.0,s_max_frac,0.001785039049564113
disease,alpha,101669.0,s_min,0.00043023173854084057
disease,alpha,101669.0,overlap,8.984070196653837e-05
disease,alpha,101669.0,n_scales,5.741508528469005e-05
disease,alpha,101669.0,spacing,1.4635556284643664e-05
disease,alpha,101669.0,normalise,2.678209234518326e-16
disease,alpha,101669.0,q_grid,0.0
disease,alpha,1000.0,ectopic,0.7790905788669041
disease,alpha,1000.0,order,0.038409141796902024
disease,alpha,1000.0,s_min,0.03797539429147627
disease,alpha,1000.0,s_max_frac,0.006927728117582397
disease,alpha,1000.0,overlap,0.0015599241860527247
disease,alpha,1000.0,spacing,0.00010505364288227744
disease,alpha,1000.0,detrend,2.2963158411427663e-05
disease,alpha,1000.0,n_scales,1.892806219263888e-05
disease,alpha,1000.0,normalise,0.0
disease,alpha,1000.0,q_grid,0.0
disease,alpha,2000.0,ectopic,0.8358329915517502
disease,alpha,2000.0,s_max_frac,0.02701785227534665
disease,alpha,2000.0,order,0.023703465373086253
disease,alpha,2000.0,s_min,0.011647691249844293
disease,alpha,2000.0,spacing,0.00036122413024265395
disease,alpha,2000.0,overlap,0.00010118306287615384
disease,alpha,2000.0,n_scales,5.64698363092198e-05
disease,alpha,2000.0,detrend,4.995929946666232e-05
disease,alpha,2000.0,normalise,5.102334943846272e-16
disease,alpha,2000.0,q_grid,2.5984069255738905e-33
disease,alpha,4000.0,ectopic,0.8117607275301406
disease,alpha,4000.0,s_max_frac,0.06883598208803574
disease,alpha,4000.0,order,0.03415789281276709
disease,alpha,4000.0,spacing,0.004783240071238708
disease,alpha,4000.0,s_min,0.0014781947699145461
disease,alpha,4000.0,overlap,0.00015216519513687314
disease,alpha,4000.0,detrend,3.887015990826662e-05
disease,alpha,4000.0,n_scales,2.8515789358720097e-06
disease,alpha,4000.0,normalise,3.1303339444017514e-15
disease,alpha,4000.0,q_grid,0.0
disease,alpha,4731.0,ectopic,0.8454546490128649
disease,alpha,4731.0,s_max_frac,0.05735105336487769
disease,alpha,4731.0,order,0.01856948907897581
disease,alpha,4731.0,spacing,0.005789134501892451
disease,alpha,4731.0,s_min,0.0013018798778973622
disease,alpha,4731.0,overlap,0.0002336457386773413
disease,alpha,4731.0,detrend,2.9562835038795396e-05
disease,alpha,4731.0,n_scales,5.641369247009407e-06
disease,alpha,4731.0,normalise,3.45048352196811e-14
disease,alpha,4731.0,q_grid,0.0
disease,alpha,8000.0,ectopic,0.9161427342210218
disease,alpha,8000.0,s_max_frac,0.006017003732649153
disease,alpha,8000.0,order,0.005646949295830419
disease,alpha,8000.0,spacing,0.0036596654629976882
disease,alpha,8000.0,s_min,0.0011807778541212757
disease,alpha,8000.0,detrend,0.000127568119520754
disease,alpha,8000.0,overlap,1.1527663762098387e-05
disease,alpha,8000.0,n_scales,1.7620776396860216e-06
disease,alpha,8000.0,normalise,1.2092830877386807e-14
disease,alpha,8000.0,q_grid,0.0
disease,alpha,16000.0,ectopic,0.9253671406427529
disease,alpha,16000.0,s_max_frac,0.014148160780511499
disease,alpha,16000.0,order,0.008898297567445876
disease,alpha,16000.0,s_min,0.0013882988704294406
disease,alpha,16000.0,spacing,0.00054545467002947
disease,alpha,16000.0,detrend,0.00017393959498487516
disease,alpha,16000.0,overlap,5.145520760885114e-05
disease,alpha,16000.0,n_scales,1.64978459026662e-06
disease,alpha,16000.0,normalise,3.0066698261549776e-15
disease,alpha,16000.0,q_grid,0.0
disease,alpha,32000.0,ectopic,0.8874963616644921
disease,alpha,32000.0,s_max_frac,0.03798530298207857
disease,alpha,32000.0,order,0.022204918966576667
disease,alpha,32000.0,spacing,0.0019523665807398079
disease,alpha,32000.0,s_min,0.0013732281873208038
disease,alpha,32000.0,detrend,0.0003358948875581471
disease,alpha,32000.0,overlap,0.00019016191998488097
disease,alpha,32000.0,n_scales,1.0889866611862031e-06
disease,alpha,32000.0,normalise,2.6445534719147347e-15
disease,alpha,32000.0,q_grid,0.0
disease,delta_alpha,101669.0,ectopic,0.5739703992539794
disease,delta_alpha,101669.0,order,0.03682896559409906
disease,delta_alpha,101669.0,s_min,0.023690125459140374
disease,delta_alpha,101669.0,spacing,0.017970492129054164
disease,delta_alpha,101669.0,detrend,0.00647852794861531
disease,delta_alpha,101669.0,s_max_frac,0.0033973353565880933
disease,delta_alpha,101669.0,overlap,0.0019736304943072727
disease,delta_alpha,101669.0,n_scales,0.00037489921178962267
disease,delta_alpha,101669.0,q_grid,1.4036758969715305e-06
disease,delta_alpha,101669.0,normalise,4.949959087588895e-09
disease,delta_alpha,1000.0,ectopic,0.7513703082460631
disease,delta_alpha,1000.0,s_max_frac,0.014720942217890835
disease,delta_alpha,1000.0,s_min,0.007083875472857107
disease,delta_alpha,1000.0,order,0.002411558058641637
disease,delta_alpha,1000.0,spacing,0.0004799892903143367
disease,delta_alpha,1000.0,q_grid,0.0004128993186506574
disease,delta_alpha,1000.0,overlap,0.0003160182532663425
disease,delta_alpha,1000.0,n_scales,8.024080654700893e-06
disease,delta_alpha,1000.0,detrend,2.0804033072635177e-06
disease,delta_alpha,1000.0,normalise,6.088535495622853e-14
disease,delta_alpha,2000.0,ectopic,0.8528167556212598
disease,delta_alpha,2000.0,s_max_frac,0.0033823230328350277
disease,delta_alpha,2000.0,order,0.0029942374824642633
disease,delta_alpha,2000.0,detrend,0.00034504805331054384
disease,delta_alpha,2000.0,q_grid,0.00033679023360824067
disease,delta_alpha,2000.0,n_scales,0.0001716539795071202
disease,delta_alpha,2000.0,s_min,0.00014748400977549899
disease,delta_alpha,2000.0,spacing,2.1272118523253358e-05
disease,delta_alpha,2000.0,normalise,7.517960044542812e-06
disease,delta_alpha,2000.0,overlap,3.318181237119138e-09
disease,delta_alpha,4000.0,ectopic,0.8151367798942805
disease,delta_alpha,4000.0,order,0.03316148669902351
disease,delta_alpha,4000.0,s_min,0.009655764870876632
disease,delta_alpha,4000.0,spacing,0.0011270869176887
disease,delta_alpha,4000.0,detrend,0.0011124482021935274
disease,delta_alpha,4000.0,n_scales,0.0003813182433798652
disease,delta_alpha,4000.0,s_max_frac,0.00035207390217418405
disease,delta_alpha,4000.0,overlap,4.349083175122408e-05
disease,delta_alpha,4000.0,q_grid,6.5773530662474096e-06
disease,delta_alpha,4000.0,normalise,1.2533930420594345e-08
disease,delta_alpha,4731.0,ectopic,0.8434243026094836
disease,delta_alpha,4731.0,s_min,0.008372548945077317
disease,delta_alpha,4731.0,order,0.00656088051020396
disease,delta_alpha,4731.0,spacing,0.0040408819302187315
disease,delta_alpha,4731.0,s_max_frac,0.000841571129983283
disease,delta_alpha,4731.0,detrend,0.0006047484766066704
disease,delta_alpha,4731.0,n_scales,0.00019261143172538545
disease,delta_alpha,4731.0,overlap,7.941459989128367e-05
disease,delta_alpha,4731.0,normalise,2.059438509720892e-06
disease,delta_alpha,4731.0,q_grid,3.840857567663398e-07
disease,delta_alpha,8000.0,ectopic,0.8013693582986958
disease,delta_alpha,8000.0,s_min,0.013856549431523051
disease,delta_alpha,8000.0,spacing,0.005282109190534803
disease,delta_alpha,8000.0,s_max_frac,0.00507875911921117
disease,delta_alpha,8000.0,order,0.0011769770002473463
disease,delta_alpha,8000.0,overlap,0.0002489854276402361
disease,delta_alpha,8000.0,detrend,0.00014294633497618746
disease,delta_alpha,8000.0,n_scales,4.0295584676964836e-05
disease,delta_alpha,8000.0,normalise,1.4972583081458467e-07
disease,delta_alpha,8000.0,q_grid,1.9996576042764494e-08
disease,delta_alpha,16000.0,ectopic,0.691728762037042
disease,delta_alpha,16000.0,s_max_frac,0.014815362777607378
disease,delta_alpha,16000.0,spacing,0.012877379886203431
disease,delta_alpha,16000.0,order,0.012835041437332667
disease,delta_alpha,16000.0,s_min,0.0048333456838815046
disease,delta_alpha,16000.0,overlap,0.00019332737268473778
disease,delta_alpha,16000.0,detrend,0.00011798464988266988
disease,delta_alpha,16000.0,n_scales,7.944666805523481e-05
disease,delta_alpha,16000.0,q_grid,2.405133679889386e-06
disease,delta_alpha,16000.0,normalise,5.974613234048412e-09
disease,delta_alpha,32000.0,ectopic,0.6641461725167477
disease,delta_alpha,32000.0,spacing,0.0429574296831744
disease,delta_alpha,32000.0,s_max_frac,0.01474321215713913
disease,delta_alpha,32000.0,s_min,0.007804643758399743
disease,delta_alpha,32000.0,detrend,0.0013716392110409172
disease,delta_alpha,32000.0,order,0.0011267035136644653
disease,delta_alpha,32000.0,overlap,4.556273724646901e-05
disease,delta_alpha,32000.0,n_scales,2.1321376052737448e-06
disease,delta_alpha,32000.0,q_grid,3.054323651645074e-07
disease,delta_alpha,32000.0,normalise,1.4919024362114854e-07
