contrast,metric,truncate,median_length,n_records,d_median,d_min,d_max,d_span,frac_p05,frac_sig_positive,frac_sig_negative,sign_flips,common_d_median,common_d_min,common_d_max,top_axis,top_eta_sq,second_axis,second_eta_sq,frac_failed
aging,alpha,1000,1000.0,40,-0.7389067693841154,-2.064725526948969,0.7001251817065676,2.7648507086555365,0.5451388888888888,0.0008680555555555,0.5442708333333334,True,-0.5707726529580939,-1.362636259807252,-0.0714450462829552,order,0.3682784433504014,s_max_frac,0.2488826986503139,0.00625
aging,delta_alpha,1000,1000.0,40,-0.4023256189749006,-1.2295224420142323,0.7957165260752412,2.0252389680894733,0.2790798611111111,0.0799696180555555,0.1991102430555555,True,-0.7428771025028117,-0.9813208742555716,-0.3453363606351006,ectopic,0.594645699413074,order,0.1585052199666184,0.00625
aging,alpha,2000,2000.0,40,-0.0457211440385975,-1.54131121815385,1.3891119165375687,2.9304231346914187,0.4613715277777778,0.1853298611111111,0.2760416666666667,True,0.2741070387879473,-0.6106770266959171,0.9390056314000488,order,0.3784072317540389,s_max_frac,0.2064089938701873,0.00625
aging,delta_alpha,2000,2000.0,40,-0.6884361383567221,-1.310721861443741,1.1598169769889413,2.4705388384326823,0.6899956597222222,0.1508246527777778,0.5391710069444444,True,-1.0512263436051423,-1.2028251109999275,-0.8829693715372086,ectopic,0.6405179885085308,order,0.062365130997849,0.00625
aging,alpha,4000,4000.0,40,0.3587985717597701,-1.1139770242439204,1.185732964282086,2.2997099885260064,0.3728298611111111,0.3064236111111111,0.06640625,True,0.6134060830032068,0.2313271486087905,0.6757715410593471,order,0.1858974392768793,s_min,0.1606162850426754,0.0
aging,delta_alpha,4000,4000.0,40,-0.6846864434042094,-1.475053254976671,1.4389711257389983,2.9140243807156696,0.6929253472222222,0.1659071180555555,0.5270182291666666,True,-1.080197263464418,-1.185743376903575,-0.909847240116608,ectopic,0.6819282288410793,s_max_frac,0.0141996455031774,0.0
aging,alpha,4731,4731.0,40,0.2711328685998551,-1.0312774157820093,1.149944534103028,2.181221949885037,0.2486979166666666,0.2131076388888889,0.0355902777777777,True,0.488715390772203,0.2368398485642183,0.5199773552992472,s_min,0.182564644786563,order,0.1321646193582566,0.0
aging,delta_alpha,4731,4731.0,40,-0.6338239278163729,-1.3321999694070903,1.5846659433224093,2.9168659127295,0.6625434027777778,0.1733940972222222,0.4891493055555556,True,-0.9574865967647274,-1.1290314295177677,-0.6774557541128448,ectopic,0.6868661765909216,s_max_frac,0.0228245692373069,0.0
disease,alpha,1000,1000.0,47,0.0509942433524828,-1.7698649576883256,0.9184330910049918,2.688298048693317,0.4869791666666667,0.1927083333333333,0.2942708333333333,True,-0.3390077555008917,-1.4139056637108756,0.7019972474409745,ectopic,0.7790905788669041,order,0.038409141796902,0.000886524822695
disease,delta_alpha,1000,1000.0,47,0.0966861269655006,-1.4561680642284995,1.6446178113366057,3.100785875565105,0.3359375,0.2161458333333333,0.1197916666666666,True,0.0750869308541829,-1.1264889885193057,1.0568547197053522,ectopic,0.7513703082460631,s_max_frac,0.0147209422178908,0.000886524822695
disease,alpha,2000,2000.0,47,0.1936307114516954,-2.0504058620458534,1.4027694343156072,3.4531752963614606,0.61328125,0.3424479166666667,0.2708333333333333,True,-0.3346586286690033,-1.6391643118919546,1.1893711679234338,ectopic,0.8358329915517502,s_max_frac,0.0270178522753466,0.0
disease,delta_alpha,2000,2000.0,47,0.3510140088727503,-1.148166051122848,2.106662826505511,3.254828877628359,0.3127170138888889,0.2782118055555556,0.0345052083333333,True,0.8825200676775342,-0.5278451549951982,2.0566854581523755,ectopic,0.8528167556212598,s_max_frac,0.003382323032835,0.0
disease,alpha,4000,4000.0,47,-0.0104551534740841,-2.4402653339036418,1.4639286371520497,3.904193971055691,0.5733506944444444,0.2769097222222222,0.2964409722222222,True,-0.5985797977896948,-1.7883402329757063,1.0440322799396675,ectopic,0.8117607275301406,s_max_frac,0.0688359820880357,0.0
disease,delta_alpha,4000,4000.0,47,0.4620797215080203,-0.8930414997169819,2.4517375984361824,3.344779098153164,0.4779730902777778,0.4534505208333333,0.0245225694444444,True,0.769736164658462,-0.1046301657158353,2.188037546505751,ectopic,0.8151367798942805,order,0.0331614866990235,0.0
disease,alpha,4731,4731.0,47,0.0862420121061263,-2.420858347016694,1.657194394026539,4.0780527410432335,0.5577256944444444,0.2881944444444444,0.26953125,True,-0.5425184242540053,-1.6471921135672558,1.0290570216724393,ectopic,0.8454546490128649,s_max_frac,0.0573510533648776,0.0
disease,delta_alpha,4731,4731.0,47,0.4204420468511339,-0.7409417935386775,2.2597011882101934,3.0006429817488707,0.4415147569444444,0.4232855902777778,0.0182291666666666,True,0.7374071583913148,-0.1341691099778869,2.1413505391134664,ectopic,0.8434243026094836,s_min,0.0083725489450773,0.0
disease,alpha,8000,8000.0,47,0.2201143167940413,-2.314321113922974,1.6653105768037857,3.9796316907267593,0.5989583333333334,0.3394097222222222,0.2595486111111111,True,-0.4709430651930444,-1.814098225503308,0.9445649517730834,ectopic,0.9161427342210218,s_max_frac,0.0060170037326491,0.0
disease,delta_alpha,8000,8000.0,47,0.3993615075492175,-0.9055262683213102,2.26593429161422,3.1714605599355297,0.4818793402777778,0.4679904513888889,0.0138888888888888,True,0.6340753394595107,-0.3530493238444665,1.957955089601148,ectopic,0.8013693582986958,s_min,0.013856549431523,0.0
disease,alpha,16000,16000.0,47,0.6120701290822358,-2.398015428729088,1.5666544048290112,3.9646698335580974,0.7447916666666666,0.4995659722222222,0.2452256944444444,True,-0.1212851123120603,-1.7430879445186391,1.1673603793597256,ectopic,0.9253671406427528,s_max_frac,0.0141481607805114,0.0
disease,delta_alpha,16000,16000.0,47,0.4692424380947005,-0.6787387063744479,2.2256757840166554,2.904414490391104,0.4796006944444444,0.4782986111111111,0.0013020833333333,True,0.5853785306760254,-0.0167980730630886,1.425677920841007,ectopic,0.691728762037042,s_max_frac,0.0148153627776073,0.0
disease,alpha,32000,32000.0,47,0.8231505398942358,-2.103284641213542,2.158755012428304,4.262039653641846,0.7894965277777778,0.5533854166666666,0.2361111111111111,True,-0.0487420244070631,-1.69786511921586,1.3169762712910995,ectopic,0.8874963616644921,s_max_frac,0.0379853029820785,0.0
disease,delta_alpha,32000,32000.0,47,0.5178828949115122,-0.7532219167641013,2.229064539429236,2.982286456193337,0.5180121527777778,0.5145399305555556,0.0034722222222222,True,0.7667837262007806,0.0138265583484933,1.776339400688543,ectopic,0.6641461725167477,spacing,0.0429574296831744,0.0
aging,alpha,0,6977.5,40,0.2966090065699318,-0.7601389122740713,1.3619992574158983,2.1221381696899697,0.2669270833333333,0.2526041666666667,0.014322916666666666,True,0.4673847414946894,0.3646240204177402,0.5582363489510437,s_max_frac,0.3142219879607915,s_min,0.1302407221490497,0.0
aging,delta_alpha,0,6977.5,40,-0.6013169031144359,-1.4542691804236343,1.771921531899337,3.226190712322971,0.6566840277777778,0.1875,0.4691840277777778,True,-0.9440650439294397,-1.093996879330411,-0.7388942257976571,ectopic,0.7328461207676156,s_max_frac,0.04574355038017148,0.0
disease,alpha,0,101669.0,47,0.6873597344661597,-2.378378716097953,2.04332555305702,4.421704269154973,0.81640625,0.5564236111111112,0.2599826388888889,True,0.1466217048086763,-1.407711270265279,1.5592802578602039,ectopic,0.7495970653779694,order,0.07327579558673053,0.0
disease,delta_alpha,0,101669.0,47,0.4867355741248044,-1.5782283444296337,2.1919447791392948,3.770173123568928,0.6859809027777778,0.4837239583333333,0.20225694444444445,True,0.7660061832212608,0.3646279678271275,1.3270282308899337,ectopic,0.5739703992539794,order,0.03682896559409906,0.0
