series,rate,n_ectopic,ectopic,alpha,n_used,ok,bias,hurst
0,0.0,0,none,0.7796809861986261,6977,True,-0.02031901380137391,0.8
0,0.0,0,pct20_drop,0.7796809861986261,6977,True,-0.02031901380137391,0.8
0,0.0,0,pct20_interp,0.7796809861986261,6977,True,-0.02031901380137391,0.8
0,0.0,0,mad4_drop,0.7796809861986261,6977,True,-0.02031901380137391,0.8
0,0.01,70,none,0.7395025124495894,6977,True,-0.06049748755041062,0.8
0,0.01,70,pct20_drop,0.7819289608523906,6838,True,-0.018071039147609436,0.8
0,0.01,70,pct20_interp,0.7799538667762643,6977,True,-0.020046133223735718,0.8
0,0.01,70,mad4_drop,0.7762421294861074,6770,True,-0.023757870513892665,0.8
0,0.05,349,none,0.6443341478376935,6977,True,-0.15566585216230655,0.8
0,0.05,349,pct20_drop,0.7686445719154198,6297,True,-0.03135542808458025,0.8
0,0.05,349,pct20_interp,0.7815695202685436,6977,True,-0.018430479731456395,0.8
0,0.05,349,mad4_drop,0.7614521242153779,5970,True,-0.038547875784622154,0.8
1,0.0,0,none,0.800435587691747,6977,True,0.00043558769174700807,0.8
1,0.0,0,pct20_drop,0.800435587691747,6977,True,0.00043558769174700807,0.8
1,0.0,0,pct20_interp,0.800435587691747,6977,True,0.00043558769174700807,0.8
1,0.0,0,mad4_drop,0.800435587691747,6977,True,0.00043558769174700807,0.8
1,0.01,70,none,0.7611409870641977,6977,True,-0.038859012935802295,0.8
1,0.01,70,pct20_drop,0.8010681088527578,6837,True,0.0010681088527577653,0.8
1,0.01,70,pct20_interp,0.8020509122785594,6977,True,0.002050912278559358,0.8
1,0.01,70,mad4_drop,0.8021700165903924,6768,True,0.0021700165903923985,0.8
1,0.05,349,none,0.6632498745071597,6977,True,-0.13675012549284038,0.8
1,0.05,349,pct20_drop,1.2937247055079528,724,True,0.4937247055079528,0.8
1,0.05,349,pct20_interp,1.3188746749953126,6977,True,0.5188746749953126,0.8
1,0.05,349,mad4_drop,0.785941278334863,5982,True,-0.014058721665136997,0.8
2,0.0,0,none,0.8121755115239964,6977,True,0.012175511523996319,0.8
2,0.0,0,pct20_drop,0.8146558022359685,6973,True,0.014655802235968407,0.8
2,0.0,0,pct20_interp,0.8123935055716954,6977,True,0.012393505571695385,0.8
2,0.0,0,mad4_drop,0.8120657979617303,6976,True,0.01206579796173024,0.8
2,0.01,70,none,0.7701950702450756,6977,True,-0.029804929754924436,0.8
2,0.01,70,pct20_drop,0.8134829863275606,6837,True,0.013482986327560509,0.8
2,0.01,70,pct20_interp,0.8111568319091946,6977,True,0.011156831909194587,0.8
2,0.01,70,mad4_drop,0.8089863136614082,6770,True,0.008986313661408118,0.8
2,0.05,349,none,0.6693171260245061,6977,True,-0.13068287397549394,0.8
2,0.05,349,pct20_drop,0.7911253880573331,6301,True,-0.008874611942666921,0.8
2,0.05,349,pct20_interp,0.8095491239522573,6977,True,0.009549123952257266,0.8
2,0.05,349,mad4_drop,0.7985110125636823,5990,True,-0.0014889874363177569,0.8
3,0.0,0,none,0.8073845204610974,6977,True,0.007384520461097388,0.8
3,0.0,0,pct20_drop,0.8095793109703566,6974,True,0.00957931097035658,0.8
3,0.0,0,pct20_interp,0.806316685339261,6977,True,0.006316685339260997,0.8
3,0.0,0,mad4_drop,0.8073845204610974,6977,True,0.007384520461097388,0.8
3,0.01,70,none,0.7663608530484837,6977,True,-0.033639146951516374,0.8
3,0.01,70,pct20_drop,0.8068121261623833,6835,True,0.006812126162383247,0.8
3,0.01,70,pct20_interp,0.8094200538355805,6977,True,0.009420053835580422,0.8
3,0.01,70,mad4_drop,0.799941809674854,6770,True,-5.819032514609024e-05,0.8
3,0.05,349,none,0.6676254219690653,6977,True,-0.13237457803093478,0.8
3,0.05,349,pct20_drop,0.7866607512317688,6277,True,-0.013339248768231227,0.8
3,0.05,349,pct20_interp,0.7951815715151744,6977,True,-0.00481842848482561,0.8
3,0.05,349,mad4_drop,0.7899199970265213,5984,True,-0.010080002973478774,0.8
4,0.0,0,none,0.8476369401854511,6977,True,0.04763694018545106,0.8
4,0.0,0,pct20_drop,0.8469017285143974,6976,True,0.046901728514397334,0.8
4,0.0,0,pct20_interp,0.8473623618956234,6977,True,0.04736236189562337,0.8
4,0.0,0,mad4_drop,0.8469017285143974,6976,True,0.046901728514397334,0.8
4,0.01,70,none,0.8042844490521808,6977,True,0.004284449052180728,0.8
4,0.01,70,pct20_drop,0.8340728204621273,6834,True,0.03407282046212723,0.8
4,0.01,70,pct20_interp,0.8455260969918303,6977,True,0.0455260969918303,0.8
4,0.01,70,mad4_drop,0.8368188167991114,6769,True,0.036818816799111365,0.8
4,0.05,349,none,0.7048820825833633,6977,True,-0.09511791741663678,0.8
4,0.05,349,pct20_drop,0.8338514048746937,6304,True,0.033851404874693625,0.8
4,0.05,349,pct20_interp,0.8359034934282814,6977,True,0.03590349342828136,0.8
4,0.05,349,mad4_drop,0.8299879675946016,5999,True,0.02998796759460154,0.8
5,0.0,0,none,0.8226888410936652,6977,True,0.022688841093665202,0.8
5,0.0,0,pct20_drop,0.8229079144927042,6976,True,0.02290791449270413,0.8
5,0.0,0,pct20_interp,0.8216709273809545,6977,True,0.02167092738095444,0.8
5,0.0,0,mad4_drop,0.8230473532868391,6976,True,0.023047353286839045,0.8
5,0.01,70,none,0.7784893009978525,6977,True,-0.021510699002147526,0.8
5,0.01,70,pct20_drop,0.825075948135541,6830,True,0.025075948135540926,0.8
5,0.01,70,pct20_interp,0.8231888097511412,6977,True,0.023188809751141126,0.8
5,0.01,70,mad4_drop,0.818915709365503,6767,True,0.01891570936550291,0.8
5,0.05,349,none,0.6790800167029776,6977,True,-0.12091998329702247,0.8
5,0.05,349,pct20_drop,0.8053800425947361,5705,True,0.005380042594736012,0.8
5,0.05,349,pct20_interp,1.0360676872562586,6977,True,0.2360676872562586,0.8
5,0.05,349,mad4_drop,0.8262674873781563,5983,True,0.026267487378156207,0.8
6,0.0,0,none,0.8062266168692414,6977,True,0.006226616869241308,0.8
6,0.0,0,pct20_drop,0.8062905269089575,6973,True,0.006290526908957483,0.8
6,0.0,0,pct20_interp,0.8071616142123454,6977,True,0.007161614212345402,0.8
6,0.0,0,mad4_drop,0.8064808321268219,6976,True,0.006480832126821823,0.8
6,0.01,70,none,0.7638084025408799,6977,True,-0.03619159745912015,0.8
6,0.01,70,pct20_drop,0.799627124978926,6832,True,-0.00037287502107408166,0.8
6,0.01,70,pct20_interp,0.8060873308531119,6977,True,0.006087330853111861,0.8
6,0.01,70,mad4_drop,0.7991519202795017,6771,True,-0.0008480797204983848,0.8
6,0.05,349,none,0.6621953956827097,6977,True,-0.13780460431729036,0.8
6,0.05,349,pct20_drop,0.7992934031315733,6276,True,-0.0007065968684267787,0.8
6,0.05,349,pct20_interp,0.8025541214556091,6977,True,0.0025541214556090708,0.8
6,0.05,349,mad4_drop,0.7989764065276224,5981,True,-0.0010235934723776818,0.8
7,0.0,0,none,0.8149357975157712,6977,True,0.014935797515771121,0.8
7,0.0,0,pct20_drop,0.8162436301794773,6975,True,0.016243630179477275,0.8
7,0.0,0,pct20_interp,0.8158651898933236,6977,True,0.015865189893323528,0.8
7,0.0,0,mad4_drop,0.8149357975157712,6977,True,0.014935797515771121,0.8
7,0.01,70,none,0.7758875030381627,6977,True,-0.02411249696183737,0.8
7,0.01,70,pct20_drop,0.8202713517128669,6837,True,0.02027135171286687,0.8
7,0.01,70,pct20_interp,0.8198338882441882,6977,True,0.01983388824418819,0.8
7,0.01,70,mad4_drop,0.8151779655452781,6770,True,0.01517796554527806,0.8
7,0.05,349,none,0.671987408021387,6977,True,-0.12801259197861303,0.8
7,0.05,349,pct20_drop,0.8313939570985421,6283,True,0.03139395709854209,0.8
7,0.05,349,pct20_interp,0.8050741509656444,6977,True,0.005074150965644342,0.8
7,0.05,349,mad4_drop,0.8265149411005789,5976,True,0.026514941100578837,0.8
8,0.0,0,none,0.7995299244348429,6977,True,-0.000470075565157102,0.8
8,0.0,0,pct20_drop,0.7988666751317823,6975,True,-0.001133324868217711,0.8
8,0.0,0,pct20_interp,0.799694542494353,6977,True,-0.0003054575056470332,0.8
8,0.0,0,mad4_drop,0.7994145006489078,6976,True,-0.0005854993510922002,0.8
8,0.01,70,none,0.7608152294907768,6977,True,-0.0391847705092232,0.8
8,0.01,70,pct20_drop,0.8046339391695191,6835,True,0.004633939169519041,0.8
8,0.01,70,pct20_interp,0.7989830919108999,6977,True,-0.0010169080891001547,0.8
8,0.01,70,mad4_drop,0.8068434004506405,6767,True,0.006843400450640469,0.8
8,0.05,349,none,0.6659792957471516,6977,True,-0.1340207042528484,0.8
8,0.05,349,pct20_drop,0.8073594742245098,6290,True,0.007359474224509777,0.8
8,0.05,349,pct20_interp,0.7961599353441384,6977,True,-0.003840064655861619,0.8
8,0.05,349,mad4_drop,0.7981058515584726,5979,True,-0.0018941484415274656,0.8
9,0.0,0,none,0.7700098705691351,6977,True,-0.029990129430864987,0.8
9,0.0,0,pct20_drop,0.7696445099374267,6976,True,-0.03035549006257332,0.8
9,0.0,0,pct20_interp,0.7707255303928326,6977,True,-0.029274469607167397,0.8
9,0.0,0,mad4_drop,0.7700098705691351,6977,True,-0.029990129430864987,0.8
9,0.01,70,none,0.7313006304276947,6977,True,-0.06869936957230538,0.8
9,0.01,70,pct20_drop,0.7727640260449666,6835,True,-0.02723597395503341,0.8
9,0.01,70,pct20_interp,0.771828904046877,6977,True,-0.02817109595312306,0.8
9,0.01,70,mad4_drop,0.7691908436387351,6770,True,-0.03080915636126491,0.8
9,0.05,349,none,0.6323339741958366,6977,True,-0.16766602580416345,0.8
9,0.05,349,pct20_drop,0.8061296795229451,6114,True,0.006129679522945075,0.8
9,0.05,349,pct20_interp,1.213000948564891,6977,True,0.4130009485648909,0.8
9,0.05,349,mad4_drop,0.7668720716455945,5992,True,-0.03312792835440559,0.8
10,0.0,0,none,0.7719746080395785,6977,True,-0.02802539196042153,0.8
10,0.0,0,pct20_drop,0.7719184923700182,6976,True,-0.02808150762998185,0.8
10,0.0,0,pct20_interp,0.7720090798803525,6977,True,-0.027990920119647544,0.8
10,0.0,0,mad4_drop,0.7719746080395785,6977,True,-0.02802539196042153,0.8
10,0.01,70,none,0.733609875285722,6977,True,-0.06639012471427808,0.8
10,0.01,70,pct20_drop,0.7711779934456263,6836,True,-0.028822006554373725,0.8
10,0.01,70,pct20_interp,0.7724444312684822,6977,True,-0.027555568731517877,0.8
10,0.01,70,mad4_drop,0.7707479415663043,6767,True,-0.029252058433695716,0.8
10,0.05,349,none,0.637568217445003,6977,True,-0.16243178255499702,0.8
10,0.05,349,pct20_drop,0.7739866550656981,6310,True,-0.026013344934301963,0.8
10,0.05,349,pct20_interp,0.7656272219553897,6977,True,-0.034372778044610364,0.8
10,0.05,349,mad4_drop,0.7684098622025709,6004,True,-0.03159013779742914,0.8
11,0.0,0,none,0.7794094845659161,6977,True,-0.020590515434083967,0.8
11,0.0,0,pct20_drop,0.7813672557755337,6974,True,-0.01863274422446637,0.8
11,0.0,0,pct20_interp,0.7794374969726213,6977,True,-0.02056250302737872,0.8
11,0.0,0,mad4_drop,0.7803823201825065,6976,True,-0.019617679817493516,0.8
11,0.01,70,none,0.7404245659788548,6977,True,-0.05957543402114529,0.8
11,0.01,70,pct20_drop,0.7806204279132725,6834,True,-0.01937957208672758,0.8
11,0.01,70,pct20_interp,0.7809260736706668,6977,True,-0.019073926329333246,0.8
11,0.01,70,mad4_drop,0.7786418176717692,6767,True,-0.021358182328230835,0.8
11,0.05,349,none,0.6414503432297876,6977,True,-0.1585496567702125,0.8
11,0.05,349,pct20_drop,0.782882717494872,6288,True,-0.017117282505128006,0.8
11,0.05,349,pct20_interp,0.776883939546769,6977,True,-0.023116060453231002,0.8
11,0.05,349,mad4_drop,0.7790034603320486,5993,True,-0.020996539667951453,0.8
12,0.0,0,none,0.8659046936578698,6977,True,0.06590469365786977,0.8
12,0.0,0,pct20_drop,0.8659046936578698,6977,True,0.06590469365786977,0.8
12,0.0,0,pct20_interp,0.8659046936578698,6977,True,0.06590469365786977,0.8
12,0.0,0,mad4_drop,0.8659046936578698,6977,True,0.06590469365786977,0.8
12,0.01,70,none,0.8215766684510812,6977,True,0.021576668451081193,0.8
12,0.01,70,pct20_drop,0.8614312228084475,6835,True,0.06143122280844748,0.8
12,0.01,70,pct20_interp,0.8711607244959435,6977,True,0.07116072449594346,0.8
12,0.01,70,mad4_drop,0.8631450854860454,6771,True,0.06314508548604536,0.8
12,0.05,349,none,0.7222605867833769,6977,True,-0.07773941321662314,0.8
12,0.05,349,pct20_drop,0.8685461622507066,6308,True,0.06854616225070653,0.8
12,0.05,349,pct20_interp,0.8638312437388674,6977,True,0.0638312437388674,0.8
12,0.05,349,mad4_drop,0.8534678188538795,5985,True,0.05346781885387941,0.8
13,0.0,0,none,0.7880536248609856,6977,True,-0.01194637513901442,0.8
13,0.0,0,pct20_drop,0.7873993431457428,6975,True,-0.012600656854257264,0.8
13,0.0,0,pct20_interp,0.7879475421746878,6977,True,-0.01205245782531228,0.8
13,0.0,0,mad4_drop,0.7873993431457428,6975,True,-0.012600656854257264,0.8
13,0.01,70,none,0.7484360909713814,6977,True,-0.051563909028618626,0.8
13,0.01,70,pct20_drop,0.7789555413852209,6837,True,-0.021044458614779105,0.8
13,0.01,70,pct20_interp,0.7886701852093416,6977,True,-0.011329814790658421,0.8
13,0.01,70,mad4_drop,0.7779789936520581,6769,True,-0.022021006347941907,0.8
13,0.05,349,none,0.6505284242329344,6977,True,-0.1494715757670656,0.8
13,0.05,349,pct20_drop,0.782448146059011,6297,True,-0.017551853940989015,0.8
13,0.05,349,pct20_interp,0.7880774296988717,6977,True,-0.01192257030112831,0.8
13,0.05,349,mad4_drop,0.7721236082581202,5979,True,-0.027876391741879836,0.8
14,0.0,0,none,0.8143626635858825,6977,True,0.014362663585882451,0.8
14,0.0,0,pct20_drop,0.8119544406907305,6975,True,0.011954440690730483,0.8
14,0.0,0,pct20_interp,0.8142212898034406,6977,True,0.014221289803440507,0.8
14,0.0,0,mad4_drop,0.8148200035261006,6976,True,0.014820003526100578,0.8
14,0.01,70,none,0.7707945220384163,6977,True,-0.029205477961583792,0.8
14,0.01,70,pct20_drop,0.9259941505620418,3888,True,0.12599415056204177,0.8
14,0.01,70,pct20_interp,1.275680162270356,6977,True,0.4756801622703559,0.8
14,0.01,70,mad4_drop,0.80202039594368,6777,True,0.0020203959436799757,0.8
14,0.05,349,none,0.6688758928646079,6977,True,-0.13112410713539213,0.8
14,0.05,349,pct20_drop,0.8011309051187409,6292,True,0.0011309051187408103,0.8
14,0.05,349,pct20_interp,0.813967759411238,6977,True,0.013967759411237957,0.8
14,0.05,349,mad4_drop,0.8034676889579117,6000,True,0.0034676889579116077,0.8
15,0.0,0,none,0.7913987844837447,6977,True,-0.008601215516255367,0.8
15,0.0,0,pct20_drop,0.7913987844837447,6977,True,-0.008601215516255367,0.8
15,0.0,0,pct20_interp,0.7913987844837447,6977,True,-0.008601215516255367,0.8
15,0.0,0,mad4_drop,0.7913987844837447,6977,True,-0.008601215516255367,0.8
15,0.01,70,none,0.7491967720360869,6977,True,-0.05080322796391312,0.8
15,0.01,70,pct20_drop,0.7905255712078438,6838,True,-0.009474428792156209,0.8
15,0.01,70,pct20_interp,0.7897958496256176,6977,True,-0.010204150374382492,0.8
15,0.01,70,mad4_drop,0.7874492758597139,6770,True,-0.01255072414028613,0.8
15,0.05,349,none,0.649064795517038,6977,True,-0.15093520448296205,0.8
15,0.05,349,pct20_drop,0.794995212057015,6286,True,-0.0050047879429850894,0.8
15,0.05,349,pct20_interp,0.7931176673228171,6977,True,-0.006882332677182967,0.8
15,0.05,349,mad4_drop,0.7857638076638475,5996,True,-0.014236192336152587,0.8
16,0.0,0,none,0.843305780529258,6977,True,0.04330578052925793,0.8
16,0.0,0,pct20_drop,0.843305780529258,6977,True,0.04330578052925793,0.8
16,0.0,0,pct20_interp,0.843305780529258,6977,True,0.04330578052925793,0.8
16,0.0,0,mad4_drop,0.843305780529258,6977,True,0.04330578052925793,0.8
16,0.01,70,none,0.8001767367177868,6977,True,0.0001767367177867296,0.8
16,0.01,70,pct20_drop,0.8424535969167357,6837,True,0.04245359691673567,0.8
16,0.01,70,pct20_interp,0.841434201528946,6977,True,0.041434201528945946,0.8
16,0.01,70,mad4_drop,0.8434517363943129,6767,True,0.04345173639431288,0.8
16,0.05,349,none,0.694729465654611,6977,True,-0.10527053434538902,0.8
16,0.05,349,pct20_drop,0.8323366842635609,6270,True,0.032336684263560844,0.8
16,0.05,349,pct20_interp,0.8617961588167944,6977,True,0.061796158816794344,0.8
16,0.05,349,mad4_drop,0.8365448958858249,5984,True,0.03654489588582488,0.8
17,0.0,0,none,0.7997310421066948,6977,True,-0.0002689578933052772,0.8
17,0.0,0,pct20_drop,0.800455314839655,6975,True,0.00045531483965499664,0.8
17,0.0,0,pct20_interp,0.8011033055683365,6977,True,0.0011033055683364879,0.8
17,0.0,0,mad4_drop,0.7997310421066948,6977,True,-0.0002689578933052772,0.8
17,0.01,70,none,0.761244545024517,6977,True,-0.03875545497548305,0.8
17,0.01,70,pct20_drop,0.7953180241563771,6835,True,-0.004681975843622954,0.8
17,0.01,70,pct20_interp,0.7994429640938088,6977,True,-0.0005570359061912722,0.8
17,0.01,70,mad4_drop,0.7959255016867102,6768,True,-0.004074498313289876,0.8
17,0.05,349,none,0.6623776831374966,6977,True,-0.13762231686250348,0.8
17,0.05,349,pct20_drop,0.7916917337284228,6289,True,-0.008308266271577214,0.8
17,0.05,349,pct20_interp,0.7859355848018228,6977,True,-0.01406441519817725,0.8
17,0.05,349,mad4_drop,0.7801292756140217,5992,True,-0.019870724385978367,0.8
18,0.0,0,none,0.8032891365737556,6977,True,0.0032891365737555134,0.8
18,0.0,0,pct20_drop,0.8032891365737556,6977,True,0.0032891365737555134,0.8
18,0.0,0,pct20_interp,0.8032891365737556,6977,True,0.0032891365737555134,0.8
18,0.0,0,mad4_drop,0.8032891365737556,6977,True,0.0032891365737555134,0.8
18,0.01,70,none,0.7645501767091711,6977,True,-0.03544982329082891,0.8
18,0.01,70,pct20_drop,0.8051283446354169,6837,True,0.005128344635416893,0.8
18,0.01,70,pct20_interp,0.8052065087615097,6977,True,0.005206508761509632,0.8
18,0.01,70,mad4_drop,0.8092067266576201,6767,True,0.009206726657620012,0.8
18,0.05,349,none,0.6582442947860594,6977,True,-0.14175570521394065,0.8
18,0.05,349,pct20_drop,0.8033731073232087,6289,True,0.003373107323208613,0.8
18,0.05,349,pct20_interp,0.7964583836774753,6977,True,-0.003541616322524699,0.8
18,0.05,349,mad4_drop,0.7883928655268589,5995,True,-0.0116071344731411,0.8
19,0.0,0,none,0.7752324525667256,6977,True,-0.024767547433274473,0.8
19,0.0,0,pct20_drop,0.7752608826372532,6976,True,-0.02473911736274681,0.8
19,0.0,0,pct20_interp,0.7746172066285868,6977,True,-0.025382793371413248,0.8
19,0.0,0,mad4_drop,0.7752608826372532,6976,True,-0.02473911736274681,0.8
19,0.01,70,none,0.7351693359832838,6977,True,-0.06483066401671622,0.8
19,0.01,70,pct20_drop,0.7764683628962992,6834,True,-0.023531637103700875,0.8
19,0.01,70,pct20_interp,0.7660232825206401,6977,True,-0.03397671747935993,0.8
19,0.01,70,mad4_drop,0.7715947104114592,6771,True,-0.028405289588540827,0.8
19,0.05,349,none,0.6371241828376756,6977,True,-0.16287581716232447,0.8
19,0.05,349,pct20_drop,0.7801138952211555,6262,True,-0.01988610477884456,0.8
19,0.05,349,pct20_interp,0.7771072301313072,6977,True,-0.02289276986869282,0.8
19,0.05,349,mad4_drop,0.785115854815179,5975,True,-0.014884145184821063,0.8
