axis,level,mean_bias,rmse,abs_bias,n
detrend,linear,0.0036374737207076485,0.042428670045764325,0.030913718904657765,245760
detrend,none,0.010367412421387215,0.06250470646225144,0.037380759212526454,245760
detrend,quadratic,0.001356761206242991,0.03754516563865209,0.028931454351709206,245760
ectopic,mad4_drop,0.00496666197542197,0.048734569568957685,0.03240755571202995,184320
ectopic,none,0.0049144432020842305,0.04875581792094206,0.032433489165335505,184320
ectopic,pct20_drop,0.005092914091622322,0.04868221236078093,0.03238946107787383,184320
ectopic,pct20_interp,0.005508177195321952,0.04864922671813704,0.032404070669951955,184320
n_scales,20,0.004916399036853855,0.04729316131767532,0.031851689411493606,368640
n_scales,30,0.005324699195371382,0.05007797369096108,0.032965598901102004,368640
normalise,none,0.0051205491161126345,0.0487054748278479,0.03240864415629781,368640
normalise,zscore,0.005120549116112602,0.04870547482784789,0.03240864415629781,368640
order,1,-0.0062565120842467264,0.03969860516467441,0.03166918746008613,184320
order,2,-0.0034497119866235327,0.0347867381667084,0.02794383720209493,184320
order,3,-0.0015606465648730652,0.030562384293884883,0.024362378904947263,184320
order,4,0.0317490671001938,0.07595220454205105,0.04565917305806291,184320
overlap,False,0.004503235630581184,0.048592057044268215,0.03257339898964229,368640
overlap,True,0.005737862601644053,0.04881862911449721,0.03224388932295333,368640
q_grid,coarse,0.005120549116112618,0.0487054748278479,0.03240864415629781,368640
q_grid,fine,0.005120549116112618,0.0487054748278479,0.03240864415629781,368640
s_max_frac,0.05,-0.0015443122440558647,0.02902848702198582,0.022957662325810597,245760
s_max_frac,0.1,-0.0016188268658055218,0.030917872201475204,0.024889233741057597,245760
s_max_frac,0.25,0.018524786458199247,0.07292531765008654,0.049379036402025234,245760
s_min,16,0.006138828821865286,0.04444403625638784,0.02922643475628793,368640
s_min,32,0.004102269410359951,0.052622943642988404,0.035590853556307686,368640
spacing,linear,0.0076113203613979215,0.058744220268715897,0.03795419421575182,368640
spacing,log,0.0026297778708273146,0.0359661388174049,0.02686309409684379,368640
