rate,ectopic,median_bias,mean_abs
0.0,mad4_drop,0.0018623621327512607,0.01916594469165993
0.0,none,0.0018623621327512607,0.019166265593074307
0.0,pct20_drop,0.001872225706705255,0.019319346880237474
0.0,pct20_interp,0.0021962210710460006,0.01917594544459029
0.01,mad4_drop,0.0009811028092669427,0.018993561148338944
0.01,none,-0.0374735262173016,0.03875557404454515
0.01,pct20_drop,0.0028510240111384033,0.02465192814322374
0.01,pct20_interp,0.003628710520034495,0.04313384358988815
0.05,mad4_drop,-0.010843568723309938,0.02087666617430862
0.05,none,-0.13718622117767193,0.135839568511978
0.05,pct20_drop,0.00021215412515701582,0.04156918244086636
0.05,pct20_interp,-0.000493747433457814,0.07522504391614224
